"id","y_true","y_pred","prob_Mesophile","prob_Thermophilic","prob_Psychrophilic"
"Mes515_1002|0","0","0","0.9485687","0.0050216406","0.04640964"
"Mes307_855|0","0","0","0.99877393","0.00028048817","0.00094563246"
"The1246_2327|1","1","1","2.1601472e-06","0.99998534","1.25216775e-05"
"The760_2035|1","1","1","1.7965401e-06","0.9999884","9.823698e-06"
"sp_Q12UB0_470|2","2","2","0.013049071","0.003541607","0.9834094"
"sp_Q47UY4_426|2","2","2","0.01977337","0.000657931","0.97956866"
